cod_especie,nom_especie,nom_popular,nom_familia,cod_especie_imp,num_hematocrito_esp,nom_ingles,ind_especie,cod_raca,nom_raca,ind_ani_silvestre,ind_porte,cod_pelagem,tip_pelagem
2,FELINA,FELINA,FELINA,,37.0,,OU,183,ABSSINIO,N,,,
1,CANINA,CANINA,CANINA,,45.0,,OU,352,AFFENPINSCHER,N,,,
1,CANINA,CANINA,CANINA,,45.0,,OU,99,AFGHAN HOUND,N,,,
35,AVE,AVE,AVE,,,,OU,460,AGAPORNIS,N,,,
1,CANINA,CANINA,CANINA,,45.0,,OU,351,AIDI,N,,,
1,CANINA,CANINA,CANINA,,45.0,,OU,78,AIREDALE TERRIER,N,,,
1,CANINA,CANINA,CANINA,,45.0,,OU,40,AKITA,N,,,
16,AVE,AVE,,,,,OU,269,AMAZONA AVESTIVA,S,,,
1,CANINA,CANINA,CANINA,,45.0,,OU,452,AMERICAN BULLY,N,M,,C
1,CANINA,CANINA,CANINA,,45.0,,OU,114,AMERICAN ESKIMO,N,,,
1,CANINA,CANINA,CANINA,,45.0,,OU,218,AMERICAN PIT BULL TERRIER,N,,,
2,FELINA,FELINA,FELINA,,37.0,,OU,55,AMERICAN SHORT HAIR,N,,,
1,CANINA,CANINA,CANINA,,45.0,,OU,158,AMERICAN STAFFORDSHIRE ,N,,,
1,CANINA,CANINA,CANINA,,45.0,,OU,366,ANATOLIAN SHEPHERD,N,,,
5,EQUINA,EQUINA,,,,,OU,280,ANDALUZ,N,,,
7,CAPRINA,CAPRINA,,,,,OU,225,ANGLO-NUBIANA,N,,,
5,EQUINA,EQUINA,,,,,OU,61,ANGLO ARABE,N,,,
2,FELINA,FELINA,FELINA,,37.0,,OU,6,ANGORA,N,,,
4,EQUINO DE TRAÇÃO ,EQUINO DE TRAÇÃO ,,,,,OU,67,APALOOSA,N,,,
5,EQUINA,EQUINA,,,,,OU,235,ARABE,N,,,
35,AVE,AVE,AVE,,,,OU,402,ARARA,S,,,
1,CANINA,CANINA,CANINA,,45.0,,OU,231,AUSTRALIAN CATTLE DOG,N,,,
1,CANINA,CANINA,CANINA,,45.0,,OU,186,AUSTRALIAN SHEPHERD,N,,,
1,CANINA,CANINA,CANINA,,45.0,,OU,243,AUSTRALIAN SILKY TERRIER,N,,,
1,CANINA,CANINA,CANINA,,45.0,,OU,113,AUSTRALIAN TERRIER,N,,,
16,AVE,AVE,,,,,OU,182,AVESTRUZ,N,,,
2,FELINA,FELINA,FELINA,,37.0,,OU,418,AZUL DA RUSSIA,N,,,
1,CANINA,CANINA,CANINA,,45.0,,OU,418,AZUL DA RUSSIA,N,,,
1,CANINA,CANINA,CANINA,,45.0,,OU,424,AZULÃO,N,,,
16,AVE,AVE,,,,,OU,424,AZULÃO,N,,,
2,FELINA,FELINA,FELINA,,37.0,,OU,234,BALINESE,N,,,
1,CANINA,CANINA,CANINA,,45.0,,OU,350,BARBET,N,,,
1,CANINA,CANINA,CANINA,,45.0,,OU,115,BASENJI,N,,,
1,CANINA,CANINA,CANINA,,45.0,,OU,349,BASSET ALEMÃO DA VESTFÁLIA,N,,,
1,CANINA,CANINA,CANINA,,45.0,,OU,347,BASSET AZUL DA GASCONHA,N,,,
1,CANINA,CANINA,CANINA,,45.0,,OU,365,BASSET GRIFFON,N,,,
1,CANINA,CANINA,CANINA,,45.0,,OU,82,BASSET HOUND,N,,,
1,CANINA,CANINA,CANINA,,45.0,,OU,46,BEAGLE,N,,,
1,CANINA,CANINA,CANINA,,45.0,,OU,348,BEAGLE HARRIER,N,,,
1,CANINA,CANINA,CANINA,,45.0,,OU,285,BEARD COLLIE,N,,,
1,CANINA,CANINA,CANINA,,45.0,,OU,346,BEDLINGTON TERRIER,N,,,
1,CANINA,CANINA,CANINA,,45.0,,OU,419,BEM-TE-VI,N,,,
16,AVE,AVE,,,,,OU,419,BEM-TE-VI,N,,,
2,FELINA,FELINA,FELINA,,37.0,,OU,185,BENGAL,N,,,
1,CANINA,CANINA,CANINA,,45.0,,OU,35,BERNESE MOUNTAIN DOG,N,,,
24,PEIXE,PEIXE,PEIXE,,,,OU,459,BETTA,N,,,
1,CANINA,CANINA,CANINA,,45.0,,OU,69,BICHON FRISE,N,,,
1,CANINA,CANINA,CANINA,,45.0,,OU,257,BICHON HAVANÊS,N,,,
1,CANINA,CANINA,CANINA,,45.0,,OU,457,BIEWER TERRIER,N,P,,
2,FELINA,FELINA,FELINA,,37.0,,OU,192,BIRMANES,N,,,
1,CANINA,CANINA,CANINA,,45.0,,OU,125,BLOOD HOUND,N,,,
1,CANINA,CANINA,CANINA,,45.0,,OU,136,BLUE HEELER,N,,,
2,FELINA,FELINA,FELINA,,37.0,,OU,420,BLUE POINT,N,,,
1,CANINA,CANINA,CANINA,,45.0,,OU,420,BLUE POINT,N,,,
7,CAPRINA,CAPRINA,,,,,OU,220,BOERBOEL,N,,,
16,AVE,AVE,,,,,OU,415,BOIADEIRO AUSTRALIANO,N,,,
1,CANINA,CANINA,CANINA,,45.0,,OU,81,BORDER COLLIE,N,,,
1,CANINA,CANINA,CANINA,,45.0,,OU,238,BORDER TERRIER,N,,,
1,CANINA,CANINA,CANINA,,45.0,,OU,209,BORZOI,N,,,
1,CANINA,CANINA,CANINA,,45.0,,OU,116,BOSTON TERRIER,N,,,
1,CANINA,CANINA,CANINA,,45.0,,OU,180,BOUVIER,N,,,
1,CANINA,CANINA,CANINA,,45.0,,OU,189,BOUVIER DES FLANDRES,N,,,
1,CANINA,CANINA,CANINA,,45.0,,OU,5,BOXER,N,,,
1,CANINA,CANINA,CANINA,,45.0,,OU,103,BRACO ALEMÃO,N,,,
1,CANINA,CANINA,CANINA,,45.0,,OU,345,BRACO AUSTRIACO DE PELO LISO,N,,,
1,CANINA,CANINA,CANINA,,45.0,,OU,292,BRACO ESLOVACO,N,,,
1,CANINA,CANINA,CANINA,,45.0,,OU,117,BRACO ITALIANO,N,,,
5,EQUINA,EQUINA,,,,,OU,68,BRASILEIRO DE HIPISMO,N,,,
4,EQUINO DE TRAÇÃO ,EQUINO DE TRAÇÃO ,,,,,OU,66,BRETÃO,N,,,
2,FELINA,FELINA,FELINA,,37.0,,OU,105,BRITISH BLUE,N,,,
2,FELINA,FELINA,FELINA,,37.0,,OU,150,BRITISH SHORT HAIR,N,,,
1,CANINA,CANINA,CANINA,,45.0,,OU,364,BRITZ,N,,,
1,CANINA,CANINA,CANINA,,45.0,,OU,344,BUHUND NORUEGUES,N,,,
1,CANINA,CANINA,CANINA,,45.0,,OU,118,BULL MASTIFF,N,,,
1,CANINA,CANINA,CANINA,,45.0,,OU,77,BULL TERRIER,N,,,
1,CANINA,CANINA,CANINA,,45.0,,OU,130,BULLDOG,N,,,
1,CANINA,CANINA,CANINA,,45.0,,OU,111,BULLDOG AMERICANO,N,,,
1,CANINA,CANINA,CANINA,,45.0,,OU,94,BULLDOG FRANCÊS,N,,,
1,CANINA,CANINA,CANINA,,45.0,,OU,88,BULLDOG INGLÊS,N,,,
2,FELINA,FELINA,FELINA,,37.0,,OU,211,BURMES,N,,,
2,FELINA,FELINA,FELINA,,37.0,,OU,343,BURMILLA,N,,,
20,QUELÔNIO,QUELÔNIO,,,,,OU,439,CAGADO,N,,,
1,CANINA,CANINA,CANINA,,45.0,,OU,119,CAIRN TERRIER,N,,,
16,AVE,AVE,,,,,OU,156,CALOPSITA,S,,,
4,EQUINO DE TRAÇÃO ,EQUINO DE TRAÇÃO ,,,,,OU,64,CAMPOLINA,N,,,
16,AVE,AVE,,,,,OU,438,CANARIO BELGA,N,,,
16,AVE,AVE,,,,,OU,403,CANARIO DA TERRA,S,,,
16,AVE,AVE,,,,,OU,276,CANARIO DO REINO,S,,,
1,CANINA,CANINA,CANINA,,45.0,,OU,120,CANE CORSO,N,,,
1,CANINA,CANINA,CANINA,,45.0,,OU,229,CAO D´AGUA PORTUGUES,N,,,
1,CANINA,CANINA,CANINA,,45.0,,OU,339,CÃO DE CRISTA CHINÊS,N,,,
1,CANINA,CANINA,CANINA,,45.0,,OU,421,CARNIE TERRIER,N,,,
9,REPTIL,REPTIL,,,,,OU,14,CASCAVEL,N,,,
1,CANINA,CANINA,CANINA,,45.0,,OU,133,CAVALIER KING CHARLES SPANIEL,N,,,
2,FELINA,FELINA,FELINA,,37.0,,OU,154,CERTOSINA,N,,,
1,CANINA,CANINA,CANINA,,45.0,,OU,303,CESKY TERRIER,N,,,
2,FELINA,FELINA,FELINA,,37.0,,OU,342,CHARTREUX,N,,,
1,CANINA,CANINA,CANINA,,45.0,,OU,107,CHIHUAHUA,N,,,
27,OUTROS,OUTROS,OUTROS,,,,OU,244,CHINCHILA,S,P,,
18,ROEDOR,ROEDOR,,,,,OU,244,CHINCHILA,S,P,,
1,CANINA,CANINA,CANINA,,45.0,,OU,262,CHINESE CRESTED,N,,,
1,CANINA,CANINA,CANINA,,45.0,,OU,31,CHOW CHOW,N,,,
23,ANATIDEO,ANATIDEO,ANATIDEO,,,,OU,289,CIGNUS OLLOZ,S,,,
1,CANINA,CANINA,CANINA,,45.0,,OU,256,CIMARRON,N,,,
1,CANINA,CANINA,CANINA,,45.0,,OU,341,CIRNECO DO ETNA,N,,,
16,AVE,AVE,,,,,OU,288,CISNE BRANCO,N,,,
1,CANINA,CANINA,CANINA,,45.0,,OU,242,CLUMBER SPANIEL,N,,,
9,REPTIL,REPTIL,,,,,OU,404,COBRA,S,,,
1,CANINA,CANINA,CANINA,,45.0,,OU,13,COCKER SPANIEL,N,,,
1,CANINA,CANINA,CANINA,,45.0,,OU,37,COCKER SPANIEL AMERICANO,N,,,
1,CANINA,CANINA,CANINA,,45.0,,OU,38,COCKER SPANIEL INGLES,N,,,
1,CANINA,CANINA,CANINA,,45.0,,OU,425,CODORNA,N,,,
16,AVE,AVE,,,,,OU,425,CODORNA,N,,,
13,CUNICULA,CUNICULA,,,,,OU,274,COELHO,N,,,
1,CANINA,CANINA,CANINA,,45.0,,OU,76,COLLIE,N,,,
1,CANINA,CANINA,CANINA,,45.0,,OU,340,COLLIE BARBUDO,N,,,
1,CANINA,CANINA,CANINA,,45.0,,OU,469,CORGI,N,P,,
9,REPTIL,REPTIL,,,,,OU,444,CORN SNAKE,S,P,95.0,
2,FELINA,FELINA,FELINA,,37.0,,OU,253,CORNISH REX,N,,,
1,CANINA,CANINA,CANINA,,45.0,,OU,417,CORSO CANI,N,,,
16,AVE,AVE,,,,,OU,405,CORUJA,S,,,
1,CANINA,CANINA,CANINA,,45.0,,OU,201,COTTON DE TULEAR,N,,,
27,OUTROS,OUTROS,OUTROS,,,,OU,273,CUNILIDEO,S,,,
16,AVE,AVE,,,,,OU,277,CURIÓ,S,,,
1,CANINA,CANINA,CANINA,,45.0,,OU,401,DACHSBRACO ALPINO,N,,,
1,CANINA,CANINA,CANINA,,45.0,,OU,21,DACHSHUND,N,,,
1,CANINA,CANINA,CANINA,,45.0,,OU,368,"DACHSHUND PÊLO DURO
",N,,,
1,CANINA,CANINA,CANINA,,45.0,,OU,369,"DACHSHUND PÊLO LONGO
",N,,,
1,CANINA,CANINA,CANINA,,45.0,,OU,1,DALMATA,N,,,
1,CANINA,CANINA,CANINA,,45.0,,OU,338,DANDIE DINMONT TERRIER,N,,,
1,CANINA,CANINA,CANINA,,45.0,,OU,304,DEUTSCHER JAGDTERRIER,N,,,
2,FELINA,FELINA,FELINA,,37.0,,OU,54,DEVON REX,N,,,
1,CANINA,CANINA,CANINA,,45.0,,OU,426,DIAMOND GOLD,N,,,
16,AVE,AVE,,,,,OU,426,DIAMOND GOLD,N,,,
1,CANINA,CANINA,CANINA,,45.0,,OU,363,DINAMARQUES,N,,,
1,CANINA,CANINA,CANINA,,45.0,,OU,128,DOBERMANN,N,,,
1,CANINA,CANINA,CANINA,,45.0,,OU,100,DOGO ARGENTINO,N,,,
1,CANINA,CANINA,CANINA,,45.0,,OU,15,DOGUE ALEMAO,N,,,
1,CANINA,CANINA,CANINA,,45.0,,OU,121,DOGUE DE BORDEAUX,N,,,
1,CANINA,CANINA,CANINA,,45.0,,OU,252,ELKHOUND NORUEGUES,N,,,
1,CANINA,CANINA,CANINA,,45.0,,OU,336,EPAGNEUL BRETON,N,,,
18,ROEDOR,ROEDOR,,,,,OU,337,ESQUILO DA MONGÓLIA,N,,,
2,FELINA,FELINA,FELINA,,37.0,,OU,152,EUROPEIA,N,,,
2,FELINA,FELINA,FELINA,,37.0,,OU,92,EXOTICO,N,,,
1,CANINA,CANINA,CANINA,,45.0,,OU,406,FAISÃO,S,,,
16,AVE,AVE,,,,,OU,464,FALCAO,S,,,
10,MUSTELIDAE,MUSTELIDAE,,,,,OU,267,FERRET,N,,,
1,CANINA,CANINA,CANINA,,45.0,,OU,32,FILA BRASILEIRO,N,,,
1,CANINA,CANINA,CANINA,,45.0,,OU,228,FLAT COATED RETRIEVER,N,,,
1,CANINA,CANINA,CANINA,,45.0,,OU,122,FOX HOUND,N,,,
1,CANINA,CANINA,CANINA,,45.0,,OU,34,FOX PAULISTINHA,N,,,
1,CANINA,CANINA,CANINA,,45.0,,OU,39,FOX TERRIER,N,,,
1,CANINA,CANINA,CANINA,,45.0,,OU,167,FOX TERRIER BRASILEIRO,N,,,
28,Mustela putorius,FURAO,Mustela putorius,,,,OU,87,FURÃO,N,,,
1,CANINA,CANINA,CANINA,,45.0,,OU,212,GALGO,N,,,
18,ROEDOR,ROEDOR,,,,,OU,407,GALINHA,S,,,
16,AVE,AVE,,,,,OU,445,GALO,S,M,,M
16,AVE,AVE,,,,,OU,465,GAVIAO,S,,,
18,ROEDOR,ROEDOR,,,,,OU,446,GERBIL,S,,,
3,BOVINA,BOVINA,BOVINA,,,,OU,143,GIROLANDA,N,,,
1,CANINA,CANINA,CANINA,,45.0,,OU,29,GOLDEN RETRIEVER,N,,,
1,CANINA,CANINA,CANINA,,45.0,,OU,408,GOLO,S,,,
1,CANINA,CANINA,CANINA,,45.0,,OU,264,GOS D' ATURA,N,,,
1,CANINA,CANINA,CANINA,,45.0,,OU,362,GRANDE CÃO JAPONÊS,N,,,
1,CANINA,CANINA,CANINA,,45.0,,OU,140,GREYHOUND ITALIANO,N,,,
1,CANINA,CANINA,CANINA,,45.0,,OU,261,GRIFFON DE BRUXELAS,N,,,
1,CANINA,CANINA,CANINA,,45.0,,OU,241,GRIFON BELGA,N,,,
18,ROEDOR,ROEDOR,,,,,OU,146,HAMSTER,N,,,
33,ATELERIX ALBIVENTRIS,Atelerix albiventris,Atelerix albiventris,,,,OU,455,HEDGEHOG,S,P,27.0,
2,FELINA,FELINA,FELINA,,37.0,,OU,51,HIMALAIO,N,,,
3,BOVINA,BOVINA,BOVINA,,,,OU,7,HOLANDES,N,,,
3,BOVINA,BOVINA,BOVINA,,,,OU,155,HOLANDESA PRETA E BRANCA,N,,,
1,CANINA,CANINA,CANINA,,45.0,,OU,126,HOVAWART,N,,,
1,CANINA,CANINA,CANINA,,45.0,,OU,41,HUSKY SIBERIANO,N,,,
9,REPTIL,REPTIL,,,,,OU,149,IGUANA,N,,,
1,CANINA,CANINA,CANINA,,45.0,,OU,335,IRISH GLEN OF IMAAL TERRIER,N,,,
1,CANINA,CANINA,CANINA,,45.0,,OU,442,IRISH WOLFHOUND,N,,,
20,QUELÔNIO,QUELÔNIO,,,,,OU,147,JABUTI,N,,,
1,CANINA,CANINA,CANINA,,45.0,,OU,110,JACK RUSSEL TERRIER,N,,,
35,AVE,AVE,AVE,,,,OU,466,JANDAIA,S,P,,
3,BOVINA,BOVINA,BOVINA,,,,OU,216,JERSEY,N,,,
1,CANINA,CANINA,CANINA,,45.0,,OU,166,KERRY BLUE TERRIER,N,,,
1,CANINA,CANINA,CANINA,,45.0,,OU,123,KOMONDOR,N,,,
2,FELINA,FELINA,FELINA,,37.0,,OU,221,KORAT,N,,,
1,CANINA,CANINA,CANINA,,45.0,,OU,109,KUVASZ,N,,,
1,CANINA,CANINA,CANINA,,45.0,,OU,36,LABRADOR RETRIEVER,N,,,
1,CANINA,CANINA,CANINA,,45.0,,OU,171,LAEKENOIS (PASTOR BELGA),N,,,
1,CANINA,CANINA,CANINA,,45.0,,OU,245,LEBREU ITALIANO,N,,,
1,CANINA,CANINA,CANINA,,45.0,,OU,334,LEONBERGER,N,,,
2,FELINA,FELINA,FELINA,,37.0,,OU,361,LEOPARDO,N,,,
1,CANINA,CANINA,CANINA,,45.0,,OU,42,LHASA APSO,N,,,
1,CANINA,CANINA,CANINA,,45.0,,OU,300,LOBO CANADENSE,N,,,
24,PEIXE,PEIXE,PEIXE,,,,OU,265,LOBO MARINHO,N,,,
19,PRIMATA,PRIMATA,,,,,OU,427,LORIS,N,,,
1,CANINA,CANINA,CANINA,,45.0,,OU,86,LULU DA POMERANIA,N,,,
2,FELINA,FELINA,FELINA,,37.0,,OU,470,LYKOI,N,P,,
2,FELINA,FELINA,FELINA,,37.0,,OU,53,MAINE COON,N,,,
1,CANINA,CANINA,CANINA,,45.0,,OU,95,MALAMUTE DO ALASCA,N,,,
1,CANINA,CANINA,CANINA,,45.0,,OU,168,MALINOIS (PASTOR BELGA),N,,,
1,CANINA,CANINA,CANINA,,45.0,,OU,30,MALTES,N,,,
1,CANINA,CANINA,CANINA,,45.0,,OU,301,MANCHESTER TERRIER,N,,,
16,AVE,AVE,,,,,OU,333,MANDARIN,N,,,
5,EQUINA,EQUINA,,,,,OU,72,MANGALARGA,N,,,
4,EQUINO DE TRAÇÃO ,EQUINO DE TRAÇÃO ,,,,,OU,73,MANGALARGA MARCHADOR,N,,,
4,EQUINO DE TRAÇÃO ,EQUINO DE TRAÇÃO ,,,,,OU,294,MANGALARGA PAULISTA,N,,,
1,CANINA,CANINA,CANINA,,45.0,,OU,409,MARITACA,S,,,
16,AVE,AVE,,,,,OU,447,MARRECO,S,,,
1,CANINA,CANINA,CANINA,,45.0,,OU,97,MASTIFF INGLÊS,N,,,
1,CANINA,CANINA,CANINA,,45.0,,OU,331,MASTIM DOS PIRINEUS,N,,,
1,CANINA,CANINA,CANINA,,45.0,,OU,70,MASTIM NAPOLITANO,N,,,
27,OUTROS,OUTROS,OUTROS,,,,OU,360,MATSAL,N,,,
19,PRIMATA,PRIMATA,,,,,OU,441,MICO,N,,,
27,OUTROS,OUTROS,OUTROS,,,,OU,332,MINI LOP,N,,,
5,EQUINA,EQUINA,,,,,OU,205,MINI PÔNEI,N,,,
6,SUINO,SUINO,,,,,OU,448,MINI PORCO,S,,,
3,BOVINA,BOVINA,BOVINA,,,,OU,204,MINI VACA,N,,,
27,OUTROS,OUTROS,OUTROS,,,,OU,90,NAO REFERIDO,N,,,
16,AVE,AVE,,,,,OU,431,NAO REFERIDO (AVE),N,,,
3,BOVINA,BOVINA,BOVINA,,,,OU,202,NAO REFERIDO (BOV),N,,,
1,CANINA,CANINA,CANINA,,45.0,,OU,43,NAO REFERIDO (CANINO),N,,,
4,EQUINO DE TRAÇÃO ,EQUINO DE TRAÇÃO ,,,,,OU,203,NAO REFERIDO (EQUINA),N,,,
5,EQUINA,EQUINA,,,,,OU,203,NAO REFERIDO (EQUINA),N,,,
2,FELINA,FELINA,FELINA,,37.0,,OU,93,NAO REFERIDO (FELINO),N,,,
30,LEPORINO,LEPORINO,LEPORINO,,,,OU,435,NAO REFERIDO (LEPORINO),N,,,
8,OVINO,OVINO,,,,,OU,236,NAO REFERIDO (OVINO),N,,,
19,PRIMATA,PRIMATA,,,,,OU,433,NAO REFERIDO (PRIMATA),N,,,
20,QUELÔNIO,QUELÔNIO,,,,,OU,434,NAO REFERIDO (QUELONIO),N,,,
18,ROEDOR,ROEDOR,,,,,OU,432,NAO REFERIDO (ROEDOR),N,,,
27,OUTROS,OUTROS,OUTROS,,,,OU,436,NAO REFERIDO (SILVESTRE),S,,,
2,FELINA,FELINA,FELINA,,37.0,,OU,428,NAPOLEON,N,,,
3,BOVINA,BOVINA,BOVINA,,,,OU,144,NELORE,N,,,
1,CANINA,CANINA,CANINA,,45.0,,OU,124,NORFOLK TERRIER,N,,,
2,FELINA,FELINA,FELINA,,37.0,,OU,254,NORUEGUÊS DA FLORESTA,N,,,
1,CANINA,CANINA,CANINA,,45.0,,OU,359,NORWICH TERRIER,N,,,
1,CANINA,CANINA,CANINA,,45.0,,OU,71,OLD ENGLISH SHEEPDOG,N,,,
2,FELINA,FELINA,FELINA,,37.0,,OU,163,ORANGE TABBY,N,,,
2,FELINA,FELINA,FELINA,,37.0,,OU,210,ORIENTAL,N,,,
12,PSITACIDEO,PSITACIDEO,,,,,OU,181,PAPAGAIO,N,,,
1,CANINA,CANINA,CANINA,,45.0,,OU,134,PAPILLON,N,,,
7,CAPRINA,CAPRINA,,,,,OU,223,PARDA ALEMÃ,N,,,
7,CAPRINA,CAPRINA,,,,,OU,222,PARDA ALPINA,N,,,
1,CANINA,CANINA,CANINA,,45.0,,OU,410,PARDAL,S,,,
1,CANINA,CANINA,CANINA,,45.0,,OU,297,PARSON RUSSEL TERRIER,N,,,
1,CANINA,CANINA,CANINA,,45.0,,OU,411,PASSARO PRETO,S,,,
16,AVE,AVE,,,,,OU,296,PASSERIFORME,N,,,
1,CANINA,CANINA,CANINA,,45.0,,OU,330,PASTOR ABRUZZI,N,,,
1,CANINA,CANINA,CANINA,,45.0,,OU,24,PASTOR ALEMAO,N,,,
1,CANINA,CANINA,CANINA,,45.0,,OU,187,PASTOR AUSTRALIANO,N,,,
1,CANINA,CANINA,CANINA,,45.0,,OU,329,PASTOR BAUCERON,N,,,
1,CANINA,CANINA,CANINA,,45.0,,OU,26,PASTOR BELGA,N,,,
1,CANINA,CANINA,CANINA,,45.0,,OU,172,PASTOR BELGA GROENENDAEL,N,,,
1,CANINA,CANINA,CANINA,,45.0,,OU,456,PASTOR BELGA MALINOIS,N,G,27.0,M
1,CANINA,CANINA,CANINA,,45.0,,OU,260,PASTOR BERGAMASCO,N,,,
1,CANINA,CANINA,CANINA,,45.0,,OU,219,PASTOR BRANCO,N,,,
1,CANINA,CANINA,CANINA,,45.0,,OU,239,PASTOR BRANCO SUIÇO,N,,,
1,CANINA,CANINA,CANINA,,45.0,,OU,25,PASTOR CANADENSE,N,,,
1,CANINA,CANINA,CANINA,,45.0,,OU,284,PASTOR CAPA PRETA,N,,,
1,CANINA,CANINA,CANINA,,45.0,,OU,137,PASTOR CATALON,N,,,
1,CANINA,CANINA,CANINA,,45.0,,OU,328,PASTOR DO CAUCASO,N,,,
1,CANINA,CANINA,CANINA,,45.0,,OU,206,PASTOR DOS PIRINEUS,N,,,
1,CANINA,CANINA,CANINA,,45.0,,OU,237,PASTOR FINLANDÊS DA LAPÔNIA,N,,,
1,CANINA,CANINA,CANINA,,45.0,,OU,197,PASTOR HOLANDES,N,,,
1,CANINA,CANINA,CANINA,,45.0,,OU,358,PASTOR JAPONÊS,N,,,
1,CANINA,CANINA,CANINA,,45.0,,OU,255,PASTOR MALORQUIN,N,,,
1,CANINA,CANINA,CANINA,,45.0,,OU,148,PASTOR MAREMMANO,N,,,
1,CANINA,CANINA,CANINA,,45.0,,OU,327,PASTOR MONTANHÊS KRAST,N,,,
1,CANINA,CANINA,CANINA,,45.0,,OU,96,PASTOR SHETLAND,N,,,
1,CANINA,CANINA,CANINA,,45.0,,OU,422,PATO,N,,,
16,AVE,AVE,,,,,OU,422,PATO,N,,,
1,CANINA,CANINA,CANINA,,45.0,,OU,191,PELADO MEXICANO,N,,,
2,FELINA,FELINA,FELINA,,37.0,,OU,56,PELO CURTO BRASILEIRO,N,,,
1,CANINA,CANINA,CANINA,,45.0,,OU,416,PEMBROKE WELSH CORGI,N,,,
1,CANINA,CANINA,CANINA,,45.0,,OU,83,PEQUINÊS,N,,,
1,CANINA,CANINA,CANINA,,45.0,,OU,302,PERDIGUEIRO PORTUGUES,N,,,
12,PSITACIDEO,PSITACIDEO,,,,,OU,272,PERIQUITO,S,,,
16,AVE,AVE,,,,,OU,295,PERIQUITO AUSTRALIANO,S,,,
12,PSITACIDEO,PSITACIDEO,,,,,OU,283,PERIQUITO INGLÊS,S,,,
1,CANINA,CANINA,CANINA,,45.0,,OU,263,PERRO DE AGUAS,N,,,
2,FELINA,FELINA,FELINA,,37.0,,OU,50,PERSA,N,,,
1,CANINA,CANINA,CANINA,,45.0,,OU,326,PERSA HIMALAIA,N,,,
2,FELINA,FELINA,FELINA,,37.0,,OU,326,PERSA HIMALAIA,N,,,
16,AVE,AVE,,,,,OU,449,PERU,S,,,
1,CANINA,CANINA,CANINA,,45.0,,OU,227,PETIT BASSET GRIFFON VENDEEN,N,,,
16,AVE,AVE,,,,,OU,286,PICHARRO,S,,,
3,BOVINA,BOVINA,BOVINA,,,,OU,233,PIEMONTES,N,,,
1,CANINA,CANINA,CANINA,,45.0,,OU,16,PINSCHER,N,,,
1,CANINA,CANINA,CANINA,,45.0,,OU,325,PINSCHER AUSTRIACO,N,,,
16,AVE,AVE,,,,,OU,440,PIRIQUITO,N,,,
1,CANINA,CANINA,CANINA,,45.0,,OU,48,PIT BULL,N,,,
24,PEIXE,PEIXE,PEIXE,,,,OU,324,PIXIE BOB,N,,,
1,CANINA,CANINA,CANINA,,45.0,,OU,323,PODENGO IBECENCO,N,,,
1,CANINA,CANINA,CANINA,,45.0,,OU,129,PODENGO PORTUGUÊS,N,,,
1,CANINA,CANINA,CANINA,,45.0,,OU,98,POINTER,N,,,
1,CANINA,CANINA,CANINA,,45.0,,OU,322,POINTER ALEMÃO,N,,,
1,CANINA,CANINA,CANINA,,45.0,,OU,321,POINTER INGLÊS,N,,,
1,CANINA,CANINA,CANINA,,45.0,,OU,412,POMBA,S,,,
1,CANINA,CANINA,CANINA,,45.0,,OU,468,POODLE ALEMAO,N,,,
1,CANINA,CANINA,CANINA,,45.0,,OU,317,POODLE ANÃO,N,,,
1,CANINA,CANINA,CANINA,,45.0,,OU,10,POODLE GRANDE,N,,,
1,CANINA,CANINA,CANINA,,45.0,,OU,318,POODLE MÉDIO,N,,,
1,CANINA,CANINA,CANINA,,45.0,,OU,319,POODLE STANDARD,N,,,
1,CANINA,CANINA,CANINA,,45.0,,OU,320,POODLE TOY,N,,,
18,ROEDOR,ROEDOR,,,,,OU,184,PORQUINHO DA INDIA,N,,,
29,Bradypus variegatus,Bradypus variegatus,Bradypus variegatus,,,,OU,316,PREGUIÇA,N,,,
16,AVE,AVE,,,,,OU,157,PSITACIFORME,N,,,
1,CANINA,CANINA,CANINA,,45.0,,OU,85,PUG,N,,,
1,CANINA,CANINA,CANINA,,45.0,,OU,247,PULI,N,,,
5,EQUINA,EQUINA,,,,,OU,60,PURO SANGUE INGLÊS,N,,,
4,EQUINO DE TRAÇÃO ,EQUINO DE TRAÇÃO ,,,,,OU,282,PURO SANGUE LUSITANO,N,,,
9,REPTIL,REPTIL,,,,,OU,145,PYTHON,N,,,
5,EQUINA,EQUINA,,,,,OU,62,QUARTO DE MILHA,N,,,
11,QUATI (NASUA NASUA),QUATI (NASUA NASUA),,,,,OU,268,QUATI,N,,,
27,OUTROS,OUTROS,OUTROS,,,,OU,400,RAÇA NAO IMPORTADA,N,,,
2,FELINA,FELINA,FELINA,,37.0,,OU,176,RAGDOLL,N,,,
18,ROEDOR,ROEDOR,,,,,OU,281,RATO DE LABORATÓRIO,N,,,
1,CANINA,CANINA,CANINA,,45.0,,OU,138,RED HELLER,N,,,
2,FELINA,FELINA,FELINA,,37.0,,OU,429,RED POINT,N,,,
1,CANINA,CANINA,CANINA,,45.0,,OU,91,RHODESIAN RIDGEBACK,N,,,
1,CANINA,CANINA,CANINA,,45.0,,OU,27,ROTTWEILER,N,,,
2,FELINA,FELINA,FELINA,,37.0,,OU,230,RUSSIAN BLUE,N,,,
7,CAPRINA,CAPRINA,,,,,OU,175,SAANEN,N,,,
35,AVE,AVE,AVE,,,,OU,462,SABIA,S,,,
1,CANINA,CANINA,CANINA,,45.0,,OU,315,SABUJO DA ISTRIA,N,,,
1,CANINA,CANINA,CANINA,,45.0,,OU,314,SABUJO DE POSAVATZ,N,,,
2,FELINA,FELINA,FELINA,,37.0,,OU,52,SAGRADO DA BIRMANIA,N,,,
19,PRIMATA,PRIMATA,,,,,OU,174,SAGUI,N,,,
1,CANINA,CANINA,CANINA,,45.0,,OU,132,SALUKI,N,,,
1,CANINA,CANINA,CANINA,,45.0,,OU,101,SAMOYEDA,N,,,
1,CANINA,CANINA,CANINA,,45.0,,OU,33,SAO BERNARDO,N,,,
9,REPTIL,REPTIL,,,,,OU,12,SAPO,N,,,
1,CANINA,CANINA,CANINA,,45.0,,OU,299,SCHIPPERKE,N,,,
1,CANINA,CANINA,CANINA,,45.0,,OU,164,SCHNAUZER GIGANTE,N,,,
1,CANINA,CANINA,CANINA,,45.0,,OU,22,SCHNAUZER MÉDIO,N,,,
1,CANINA,CANINA,CANINA,,45.0,,OU,353,SCHNAUZER MINIATURA,N,,,
2,FELINA,FELINA,FELINA,,37.0,,OU,354,SCOTTISH FOLD,N,P,,
1,CANINA,CANINA,CANINA,,45.0,,OU,354,SCOTTISH FOLD,N,P,,
1,CANINA,CANINA,CANINA,,45.0,,OU,28,SCOTTISH TERRIER,N,,,
1,CANINA,CANINA,CANINA,,45.0,,OU,104,SEALEHAN TERRIER,N,,,
1,CANINA,CANINA,CANINA,,45.0,,OU,142,SERRA DA ESTRELA,N,,,
1,CANINA,CANINA,CANINA,,45.0,,OU,79,SETTER,N,,,
1,CANINA,CANINA,CANINA,,45.0,,OU,178,SETTER GORDON,N,,,
1,CANINA,CANINA,CANINA,,45.0,,OU,177,SETTER INGLÊS,N,,,
1,CANINA,CANINA,CANINA,,45.0,,OU,159,SETTER IRLANDES,N,,,
1,CANINA,CANINA,CANINA,,45.0,,OU,23,SHARPEI,N,,,
1,CANINA,CANINA,CANINA,,45.0,,OU,355,SHEEPDOG,N,,,
1,CANINA,CANINA,CANINA,,45.0,,OU,313,SHETLAND SHEEPDOG,N,,,
1,CANINA,CANINA,CANINA,,45.0,,OU,84,SHIBA INU,N,,,
1,CANINA,CANINA,CANINA,,45.0,,OU,59,SHIH TZU,N,,,
2,FELINA,FELINA,FELINA,,37.0,,OU,11,SIAMES,N,,,
2,FELINA,FELINA,FELINA,,37.0,,OU,193,SIBERIANO DA FLORESTA,N,,,
1,CANINA,CANINA,CANINA,,45.0,,OU,106,SILK TERRIER,N,,,
27,OUTROS,OUTROS,OUTROS,,,,OU,356,SILVESTRE,N,,,
1,CANINA,CANINA,CANINA,,45.0,,OU,312,SIRIO,N,,,
1,CANINA,CANINA,CANINA,,45.0,,OU,215,SKYE TERRIER,N,,,
1,CANINA,CANINA,CANINA,,45.0,,OU,311,SMOOTH COLLIE,N,,,
2,FELINA,FELINA,FELINA,,37.0,,OU,259,SOMALI,N,,,
1,CANINA,CANINA,CANINA,,45.0,,OU,127,SPANIEL TIBETANO,N,,,
2,FELINA,FELINA,FELINA,,37.0,,OU,240,SPHYNX,N,,,
1,CANINA,CANINA,CANINA,,45.0,,OU,443,SPINONE,N,,,
1,CANINA,CANINA,CANINA,,45.0,,OU,162,SPITZ ALEMÃO,N,,,
1,CANINA,CANINA,CANINA,,45.0,,OU,309,SPITZ DE NORBOTEN,N,,,
1,CANINA,CANINA,CANINA,,45.0,,OU,310,SPITZ FINLANDES,N,,,
1,CANINA,CANINA,CANINA,,45.0,,OU,308,SPITZ JAPONÊS,N,,,
1,CANINA,CANINA,CANINA,,45.0,,OU,74,SPRINGER SPANIEL INGLÊS,N,,,
16,AVE,AVE,,,,,OU,437,SRD AVE,N,,,
3,BOVINA,BOVINA,BOVINA,,,,OU,4,SRD BOVINO,N,,,
1,CANINA,CANINA,CANINA,,45.0,,OU,2,SRD CANINO,N,,,
7,CAPRINA,CAPRINA,,,,,OU,199,SRD CAPRINO,N,,,
5,EQUINA,EQUINA,,,,,OU,65,SRD EQUINO,N,,,
4,EQUINO DE TRAÇÃO ,EQUINO DE TRAÇÃO ,,,,,OU,65,SRD EQUINO,N,,,
2,FELINA,FELINA,FELINA,,37.0,,OU,3,SRD FELINO,N,,,
8,OVINO,OVINO,,,,,OU,207,SRD OVINO,N,,,
1,CANINA,CANINA,CANINA,,45.0,,OU,226,STAFFORDSHIRE BULL TERRIER,N,,,
6,SUINO,SUINO,,,,,OU,214,SUINO,N,,,
2,FELINA,FELINA,FELINA,,37.0,,OU,139,TABBY SHORTHAIR,N,,,
20,QUELÔNIO,QUELÔNIO,,,,,OU,279,TARTARUGA,N,,,
1,CANINA,CANINA,CANINA,,45.0,,OU,45,TECKEL,N,,,
1,CANINA,CANINA,CANINA,,45.0,,OU,135,TENERIFF,N,,,
1,CANINA,CANINA,CANINA,,45.0,,OU,141,TERRANOVA,N,,,
1,CANINA,CANINA,CANINA,,45.0,,OU,169,TERVUREN (PASTOR BELGA),N,,,
25,FERRET,FERRET,FERRET,,,,OU,414,TESOURINHA,S,,,
1,CANINA,CANINA,CANINA,,45.0,,OU,160,TIBETAN TERRIER,N,,,
20,QUELÔNIO,QUELÔNIO,,,,,OU,307,TIGRE DAGUA,N,,,
7,CAPRINA,CAPRINA,,,,,OU,224,TOGGENBURG,N,,,
1,CANINA,CANINA,CANINA,,45.0,,OU,306,TOPOLINO,N,,,
1,CANINA,CANINA,CANINA,,45.0,,OU,357,"TOSA
",N,,,
16,AVE,AVE,,,,,OU,287,TRINCA FERRO,S,,,
1,CANINA,CANINA,CANINA,,45.0,,OU,413,TUCANO,S,,,
18,ROEDOR,ROEDOR,,,,,OU,450,TWISTER,S,,,
3,BOVINA,BOVINA,BOVINA,,,,OU,423,VACA HOLANDESA,N,,,
1,CANINA,CANINA,CANINA,,45.0,,OU,423,VACA HOLANDESA,N,,,
1,CANINA,CANINA,CANINA,,45.0,,OU,151,VIZSLA,N,,,
1,CANINA,CANINA,CANINA,,45.0,,OU,298,VOLPINO ITALIANO,N,,,
1,CANINA,CANINA,CANINA,,45.0,,OU,75,WEIMARANER,N,,,
1,CANINA,CANINA,CANINA,,45.0,,OU,305,WELSH CORGI CARDIGAN,N,,,
1,CANINA,CANINA,CANINA,,45.0,,OU,190,WELSH CORGI PEMBROKE,N,,,
1,CANINA,CANINA,CANINA,,45.0,,OU,208,WELSH TERRIER,N,,,
1,CANINA,CANINA,CANINA,,45.0,,OU,47,WEST HIGHLAND WHITE TERRIER,N,,,
1,CANINA,CANINA,CANINA,,45.0,,OU,80,WHIPPET,N,,,
1,CANINA,CANINA,CANINA,,45.0,,OU,44,YORKSHIRE TERRIER,N,,,
